Prefix1,Suffix1,Suffix2,PermutedPrefix1,PermutedSuffix1,PermutedSuffix2,Example1,Example2
un,ion,al,nu,oni,la,unrelational,unpresentational
un,al,ly,nu,la,yl,unnaturally,unspecifically
un,ic,al,nu,ci,la,unalgebraical,untherapeutical
un,ful,ly,nu,ulf,yl,uneventfully,unfaithfully
un,ist,ic,nu,sit,ci,unnaturalistic,unritualistic
re,ive,ly,er,evi,yl,restrictively,retentively
re,at,ion,er,ta,oni,revaluation,
ab,al,ly,ba,la,yl,abnormally,
ab,al,ity,ba,la,yit,abnormality,
re,iv,ate,er,evi,eta,reactivate,
out,en,ly,otu,ne,yl,outspokenly,
in,at,ion,ni,ta,oni,intimidation,invalidation
in,ant,ly,ni,tan,yl,indifferantly,insistently
in,ive,ly,ni,evi,yl,inoffensively,insensitively
in,iv,ate,ni,vi,eta,inactivate, 
