first,second,condition,prefixes,root,suffixes,word,target_type,error_to_which_morpheme,i_morpheme,i_within_morpheme,target_letter_before_error,letter_after_error,error_word,is_error,wordlength,type,block
infortone,infortone,pr,in,fortune,,infortune,target,r,,4,u,o,infortone,2,9,real,block1
inhabituel,inhabituel,prs,in,habitu,el,inhabituel,target,s,0.0,0,e,a,inhabitual,0,10,real,block1
amabilité,emabilité,rss,,am,abil_ité,amabilité,target,r,,0,a,e,emabilité,1,9,real,block1
grilmon,grilmon,r,,grillon,,grillon,control,r,,4,l,m,grilmon,2,7,real,block1
infinité,irfinité,prs,in,fin,ité,infinité,target,p,0.0,1,n,r,irfinité,1,8,real,block1
totalement,totalement,rs,,totale,ment,totalement,target,r,,3,a,i,totilement,0,10,real,block1
améthyste,amathyste,r,,améthyste,,améthyste,control,r,,2,é,a,amathyste,1,9,real,block1
massacri,massacre,r,,massacre,,massacre,control,r,,7,e,i,massacri,3,8,real,block1
tierté,tierté,rs,,fier,té,fierté,target,r,,0,f,t,tierté,2,6,real,block1
ctatue,ctatue,r,,statue,,statue,control,r,,0,s,c,ctatue,2,6,real,block1
biyau,boyau,r,,boyau,,boyau,control,r,,1,o,i,biyau,3,5,real,block1
ertrejambe,ertrejambe,pr,entre,jambe,,entrejambe,target,p,0.0,1,n,r,ertrejambe,2,10,real,block1
marmotte,marmotte,r,,marmotte,,marmotte,control,r,,1,a,i,mirmotte,0,8,real,block1
asticot,asticot,r,,asticot,,asticot,control,r,,6,t,c,asticoc,0,7,real,block1
utelisable,utilisable,rss,,util,is_able,utilisable,target,r,,2,i,e,utelisable,3,10,real,block1
xrenouille,grenouille,r,,grenouille,,grenouille,control,r,,0,g,x,xrenouille,3,10,real,block1
mirabelle,minabelle,r,,mirabelle,,mirabelle,control,r,,2,r,n,minabelle,1,9,real,block1
péralité,pénalité,rss,,pén,al_ité,pénalité,target,r,,2,n,r,péralité,3,8,real,block1
immeuble,immeuble,r,,immeuble,,immeuble,control,r,,3,e,i,immiuble,0,8,real,block1
puchet,puchet,r,,pichet,,pichet,control,r,,1,i,u,puchet,2,6,real,block1
mortel,mortel,rs,,mort,el,mortel,target,s,0.0,0,e,u,mortul,0,6,real,block1
tourbillom,tourbillon,r,,tourbillon,,tourbillon,control,r,,9,n,m,tourbillom,3,10,real,block1
malin,malin,rs,,mal,in,malin,target,s,0.0,1,n,m,malim,0,5,real,block1
traisement,traisement,rs,,traite,ment,traitement,target,r,,4,t,s,traisement,2,10,real,block1
sinalité,finalité,rss,,fin,al_ité,finalité,target,r,,0,f,s,sinalité,3,8,real,block1
serviloté,servilité,rss,,serv,il_ité,servilité,target,s,1.0,0,i,o,serviloté,3,9,real,block1
inaction,inaction,prs,in,act,ion,inaction,target,s,0.0,2,n,r,inactior,0,8,real,block1
pendentis,pendentis,rss,,pend,ent_if,pendentif,target,s,1.0,1,f,s,pendentis,2,9,real,block1
ponlen,pollen,r,,pollen,,pollen,control,r,,2,l,n,ponlen,3,6,real,block1
étranger,étrangur,rs,,étrang,er,étranger,target,s,0.0,0,e,u,étrangur,1,8,real,block1
acteur,acteur,rs,,act,eur,acteur,target,r,,2,t,s,acseur,0,6,real,block1
découverte,découserte,pr,dé,couverte,,découverte,target,r,,3,v,s,découserte,1,10,real,block1
piquetige,piquetige,rss,,piqu,et_age,piquetage,target,s,1.0,0,a,i,piquetige,2,9,real,block1
confréree,confrérie,prs,con,frér,ie,confrérie,target,s,0.0,0,i,e,confréree,3,9,real,block1
solcan,solcan,r,,volcan,,volcan,control,r,,0,v,s,solcan,2,6,real,block1
crocodile,crocudile,r,,crocodile,,crocodile,control,r,,4,o,u,crocudile,1,9,real,block1
synagotue,synagotue,r,,synagogue,,synagogue,control,r,,6,g,t,synagotue,2,9,real,block1
tintamarre,tintamarre,r,,tintamarre,,tintamarre,control,r,,0,t,s,sintamarre,0,10,real,block1
prévoir,prévoir,pr,pré,voir,,prévoir,target,r,,1,o,i,préviir,0,7,real,block1
diaphrafme,diaphragme,r,,diaphragme,,diaphragme,control,r,,7,g,f,diaphrafme,3,10,real,block1
vivacité,vevacité,rss,,viv,ac_ité,vivacité,target,r,,1,i,e,vevacité,1,8,real,block1
hibascus,hibascus,r,,hibiscus,,hibiscus,control,r,,3,i,a,hibascus,2,8,real,block1
cramoisi,cremoisi,r,,cramoisi,,cramoisi,control,r,,2,a,e,cremoisi,1,8,real,block1
primevèle,primevèle,r,,primevère,,primevère,control,r,,7,r,l,primevèle,2,9,real,block1
acquiesça,acquiosça,r,,acquiesça,,acquiesça,control,r,,5,e,o,acquiosça,1,9,real,block1
prénom,prénom,pr,pré,nom,,prénom,target,p,0.0,1,r,n,pnénom,0,6,real,block1
invalade,invalade,pr,in,valide,,invalide,target,r,,3,i,a,invalade,2,8,real,block1
grappa,grappe,r,,grappe,,grappe,control,r,,5,e,a,grappa,3,6,real,block1
sourvu,sourvu,pr,pour,vu,,pourvu,target,p,0.0,0,p,s,sourvu,2,6,real,block1
escugriffe,escogriffe,r,,escogriffe,,escogriffe,control,r,,3,o,u,escugriffe,3,10,real,block1
plastron,plastron,r,,plastron,,plastron,control,r,,5,r,n,plastnon,0,8,real,block1
reacteur,roacteur,prs,re,act,eur,reacteur,target,p,0.0,1,e,o,roacteur,1,8,real,block1
vesibilité,vesibilité,rss,,vis,ibil_ité,visibilité,target,r,,1,i,e,vesibilité,2,10,real,block1
choutroute,choucroute,r,,choucroute,,choucroute,control,r,,4,c,t,choutroute,3,10,real,block1
dérisuon,dérisuon,prs,dé,ris,ion,dérision,target,s,0.0,0,i,u,dérisuon,2,8,real,block1
confitti,confetti,r,,confetti,,confetti,control,r,,4,e,i,confitti,3,8,real,block1
tabitacle,tabitacle,r,,habitacle,,habitacle,control,r,,0,h,t,tabitacle,2,9,real,block1
injustice,injustice,prs,in,just,ice,injustice,target,p,0.0,0,i,a,anjustice,0,9,real,block1
leitmotiv,laitmotiv,r,,leitmotiv,,leitmotiv,control,r,,1,e,a,laitmotiv,1,9,real,block1
corbeau,corbeau,r,,corbeau,,corbeau,control,r,,6,u,e,corbeae,0,7,real,block1
cérémonie,cérélonie,r,,cérémonie,,cérémonie,control,r,,4,m,l,cérélonie,1,9,real,block1
prévu,prévu,pr,pré,vu,,prévu,target,r,,0,v,p,prépu,0,5,real,block1
simplemert,simplement,rs,,simple,ment,simplement,target,s,0.0,2,n,r,simplemert,3,10,real,block1
dégoûtamt,dégoûtant,prs,dé,goût,ant,dégoûtant,target,s,0.0,1,n,m,dégoûtamt,3,9,real,block1
sportivisé,sportivité,rss,,sport,iv_ité,sportivité,target,s,1.0,1,t,s,sportivisé,3,10,real,block1
ràlit,ràlit,pr,re,lit,,relit,target,p,0.0,1,e,à,ràlit,2,5,real,block1
bombardier,bombarcier,rss,,bomb,ard_ier,bombardier,target,s,0.0,2,d,c,bombarcier,1,10,real,block1
eucalnptus,eucalyptus,r,,eucalyptus,,eucalyptus,control,r,,5,y,n,eucalnptus,3,10,real,block1
bourbon,bourben,r,,bourbon,,bourbon,control,r,,5,o,e,bourben,1,7,real,block1
enfui,enfui,pr,en,fui,,enfui,target,p,0.0,1,n,m,emfui,0,5,real,block1
ingénieup,ingénieux,prs,in,géni,eux,ingénieux,target,s,0.0,2,x,p,ingénieup,3,9,real,block1
parccemin,parchemin,r,,parchemin,,parchemin,control,r,,4,h,c,parccemin,3,9,real,block1
entourage,éntourage,prs,en,tour,age,entourage,target,p,0.0,0,e,é,éntourage,1,9,real,block1
poeliche,pouliche,r,,pouliche,,pouliche,control,r,,2,u,e,poeliche,3,8,real,block1
captivité,captivivé,rss,,capt,iv_ité,captivité,target,s,1.0,1,t,v,captivivé,1,9,real,block1
socialisme,socialisme,rss,,soci,al_isme,socialisme,target,r,,1,o,a,sacialisme,0,10,real,block1
prévision,prévision,prs,pré,vis,ion,prévision,target,p,0.0,0,p,d,drévision,0,9,real,block1
amalvame,amalvame,r,,amalgame,,amalgame,control,r,,4,g,v,amalvame,2,8,real,block1
inaedible,inaedible,prs,in,aud,ible,inaudible,target,r,,1,u,e,inaedible,2,9,real,block1
praiment,praiment,rs,,vrai,ment,vraiment,target,r,,0,v,p,praiment,2,8,real,block1
indagne,indagne,pr,in,digne,,indigne,target,r,,1,i,a,indagne,2,7,real,block1
custaud,costaud,r,,costaud,,costaud,control,r,,1,o,u,custaud,3,7,real,block1
sortie,sortoe,rs,,sort,ie,sortie,target,s,0.0,0,i,o,sortoe,1,6,real,block1
guirlande,guirlande,r,,guirlande,,guirlande,control,r,,0,g,p,puirlande,0,9,real,block1
chimpagne,champagne,r,,champagne,,champagne,control,r,,2,a,i,chimpagne,3,9,real,block1
eniquement,eniquement,rss,,un,ique_ment,uniquement,target,r,,0,u,e,eniquement,2,10,real,block1
cicatrice,cicatrice,r,,cicatrice,,cicatrice,control,r,,0,c,h,hicatrice,0,9,real,block1
puberté,pubarté,r,,puberté,,puberté,control,r,,3,e,a,pubarté,1,7,real,block1
ramet,ramet,pr,re,met,,remet,target,p,0.0,1,e,a,ramet,2,5,real,block1
entêtant,eltêtant,prs,en,têt,ant,entêtant,target,p,0.0,1,n,l,eltêtant,1,8,real,block1
zombae,zombie,r,,zombie,,zombie,control,r,,4,i,a,zombae,3,6,real,block1
éditorial,éditorial,rss,,édit,or_ial,éditorial,target,s,0.0,0,o,e,éditerial,0,9,real,block1
perron,perron,r,,perron,,perron,control,r,,5,n,l,perrol,0,6,real,block1
tonalité,tonalité,rss,,ton,al_ité,tonalité,target,s,0.0,0,a,u,tonulité,0,8,real,block1
capharnaüm,capharnaüm,r,,capharnaüm,,capharnaüm,control,r,,6,n,m,capharmaüm,0,10,real,block1
ribambelle,ribamberle,r,,ribambelle,,ribambelle,control,r,,7,l,r,ribamberle,1,10,real,block1
agricole,agricole,r,,agricole,,agricole,control,r,,1,g,t,atricole,0,8,real,block1
inpulsif,impulsif,prs,im,puls,if,impulsif,target,p,0.0,1,m,n,inpulsif,3,8,real,block1
idéal,idéal,rs,,idé,al,idéal,target,s,0.0,0,a,u,idéul,0,5,real,block1
plant,plant,r,,plant,,plant,control,r,,2,a,i,plint,0,5,real,block1
argent,argent,r,,argent,,argent,control,r,,4,n,m,argemt,0,6,real,block1
céracité,céracité,rss,,cér,ac_ité,céracité,target,s,1.0,0,i,e,céraceté,0,8,real,block1
holocauste,holocauste,r,,holocauste,,holocauste,control,r,,7,s,b,holocaubte,0,10,real,block1
charmant,charmant,rs,,charm,ant,charmant,target,r,,0,c,s,sharmant,0,8,real,block1
impulseon,impulseon,prs,im,puls,ion,impulsion,target,s,0.0,0,i,e,impulseon,2,9,real,block1
crevette,drevette,r,,crevette,,crevette,control,r,,0,c,d,drevette,1,8,real,block1
racaille,recaille,r,,racaille,,racaille,control,r,,1,a,e,recaille,1,8,real,block1
banquise,sanquise,r,,banquise,,banquise,control,r,,0,b,s,sanquise,1,8,real,block1
interphone,interphone,pr,inter,phone,,interphone,target,r,,3,n,r,interphore,0,10,real,block1
acsivité,activité,rss,,act,iv_ité,activité,target,r,,2,t,s,acsivité,3,8,real,block1
munal,munal,rs,,mur,al,mural,target,r,,2,r,n,munal,2,5,real,block1
spectacle,spectagle,r,,spectacle,,spectacle,control,r,,6,c,g,spectagle,1,9,real,block1
inefficace,anefficace,pr,in,efficace,,inefficace,target,p,0.0,0,i,a,anefficace,1,10,real,block1
kéfonce,kéfonce,pr,dé,fonce,,défonce,target,p,0.0,0,d,k,kéfonce,2,7,real,block1
bunldozer,bulldozer,r,,bulldozer,,bulldozer,control,r,,2,l,n,bunldozer,3,9,real,block1
troisième,troisiume,rs,,trois,ième,troisième,target,s,0.0,1,è,u,troisiume,1,9,real,block1
pesamment,pesamment,rss,,pes,am_ment,pesamment,target,s,1.0,0,m,r,pesamrent,0,9,real,block1
immoltel,immortel,prs,im,mort,el,immortel,target,r,,2,r,l,immoltel,3,8,real,block1
festivité,festivité,rss,,fest,iv_ité,festivité,target,r,,2,s,t,fettivité,0,9,real,block1
certain,certain,rs,,cert,ain,certain,target,s,0.0,1,i,e,certaen,0,7,real,block1
cidmi,cidmi,rs,,cid,ni,cidni,control,s,0.0,0,n,m,cidmi,2,5,pseudo,block2
niléutnemt,niléutremt,prs,ni,léut,nemt,niléutnemt,control,s,0.0,0,n,r,niléutremt,1,10,pseudo,block2
sédnelifre,sédnelifne,pprs,séd_ne,lif,re,sédnelifre,control,s,0.0,0,r,n,sédnelifne,1,10,pseudo,block2
nilifoin,nilifoin,prs,ni,lif,oin,nilifoin,control,s,0.0,0,o,i,nilifiin,0,8,pseudo,block2
lusvért,rusvért,pr,rus,vért,,rusvért,control,p,0.0,0,r,l,lusvért,3,7,pseudo,block2
dlsplem,dysplem,pr,dys,plem,,dysplem,target,p,0.0,1,y,l,dlsplem,3,7,pseudo,block2
dip,dip,r,,dic,,dic,target,r,,2,c,p,dip,2,3,pseudo,block2
ernorteag,ernorteag,prs,er,nort,eag,ernorteag,control,r,,3,t,s,ernorseag,0,9,pseudo,block2
nirujlatié,nirujlatié,prss,ni,ruj,la_tié,nirujlatié,control,p,0.0,1,i,e,nerujlatié,0,10,pseudo,block2
séhnenasre,séhnenasre,pprs,séd_ne,nas,re,sédnenasre,control,p,0.0,2,d,h,séhnenasre,2,10,pseudo,block2
surenjur,surenjur,ppr,sur_en,jur,,surenjur,target,p,0.0,1,u,i,sirenjur,0,8,pseudo,block2
mêrujletié,mêrujletié,prss,mi,ruj,le_tié,mirujletié,control,p,0.0,1,i,ê,mêrujletié,2,10,pseudo,block2
coitif,coitéf,rs,,coit,if,coitif,target,s,0.0,0,i,é,coitéf,1,6,pseudo,block2
redécert,redécert,ppr,re_dé,cert,,redécert,target,p,0.0,0,r,l,ledécert,0,8,pseudo,block2
erédlout,erédlout,ppr,er_éd,léut,,erédléut,control,r,,1,é,o,erédlout,2,8,pseudo,block2
suremcort,suremcort,ppr,sur_en,cort,,surencort,target,p,1.0,1,n,m,suremcort,2,9,pseudo,block2
cert,cert,r,,cert,,cert,target,r,,0,c,q,qert,0,4,pseudo,block2
quorin,quolin,rs,,quor,in,quorin,target,r,,3,r,l,quolin,1,6,pseudo,block2
roén,roén,r,,roun,,roun,control,r,,2,u,é,roén,2,4,pseudo,block2
reigsié,reigtié,rs,,reig,tié,reigtié,control,s,0.0,0,t,s,reigsié,3,7,pseudo,block2
lémité,mémité,rs,,lém,ité,lémité,target,r,,0,l,m,mémité,1,6,pseudo,block2
erlifpaoin,erliftaoin,prss,er,lif,ta_oin,erliftaoin,control,s,0.0,0,t,p,erlifpaoin,3,10,pseudo,block2
cem,cem,r,,cam,,cam,target,r,,1,a,e,cem,2,3,pseudo,block2
édfodalbe,édfodalbe,prs,éd,fod,albe,édfodalbe,control,p,0.0,1,d,s,ésfodalbe,0,9,pseudo,block2
fodnet,todnet,rs,,fod,net,fodnet,control,r,,0,f,t,todnet,1,6,pseudo,block2
nièrans,nièrans,rs,,nièr,ant,nièrant,target,s,0.0,2,t,s,nièrans,2,7,pseudo,block2
nart,nart,r,,nort,,nort,control,r,,1,o,a,nart,2,4,pseudo,block2
dicivité,sicivité,rss,,dic,iv_ité,dicivité,target,r,,0,d,s,sicivité,1,8,pseudo,block2
onnrid,onnrid,pr,onn,rid,,onnrid,control,p,0.0,1,n,l,olnrid,0,6,pseudo,block2
erédruneag,erédrujeag,pprs,er_éd,ruj,eag,erédrujeag,control,r,,2,j,n,erédruneag,3,10,pseudo,block2
lampelm,lampejm,pr,lam,pelm,,lampelm,control,r,,2,l,j,lampejm,1,7,pseudo,block2
enédnas,enédnas,ppr,er_éd,nas,,erédnas,control,p,0.0,1,r,n,enédnas,2,7,pseudo,block2
redéfilege,redéfilage,pprs,re_dé,fil,age,redéfilage,target,s,0.0,0,a,e,redéfilege,3,10,pseudo,block2
riènvila,roènvila,rss,,rièn,vi_la,riènvila,control,r,,1,i,o,roènvila,1,8,pseudo,block2
décrusoble,décrusable,prs,dé,crus,able,décrusable,target,s,0.0,0,a,o,décrusoble,3,10,pseudo,block2
imprétren,imprétren,ppr,im_pré,tron,,imprétron,target,r,,2,o,e,imprétren,2,9,pseudo,block2
tuéleur,tuéleum,rs,,tuél,eur,tuéleur,target,s,0.0,2,r,m,tuéleum,1,7,pseudo,block2
rustoid,rustoid,pr,rus,toid,,rustoid,control,p,0.0,1,u,i,ristoid,0,7,pseudo,block2
entuéleur,entuéleur,prs,en,tuél,eur,entuéleur,target,p,0.0,0,e,u,untuéleur,0,9,pseudo,block2
clôt,hlôt,r,,clôt,,clôt,target,r,,0,c,h,hlôt,1,4,pseudo,block2
micidletie,micidletié,prss,mi,cid,le_tié,micidletié,control,s,1.0,2,é,e,micidletie,3,10,pseudo,block2
riènfi,riènfi,rs,,rièn,fi,riènfi,control,r,,3,n,l,rièlfi,0,6,pseudo,block2
irprédof,irprédof,ppr,im_pré,dof,,imprédof,target,p,0.0,1,m,r,irprédof,2,8,pseudo,block2
erédtioc,erédtioc,ppr,er_éd,tioc,,erédtioc,control,r,,0,t,b,erédbioc,0,8,pseudo,block2
inlémalité,inlémalité,prss,in,lém,al_ité,inlémalité,target,s,1.0,1,t,b,inlémalibé,0,10,pseudo,block2
bel,bel,r,,bul,,bul,target,r,,1,u,e,bel,2,3,pseudo,block2
désendicer,désendicer,pprs,dés_en,dic,er,désendicer,target,p,0.0,1,é,a,dasendicer,0,10,pseudo,block2
mac,mac,r,,mac,,mac,control,r,,1,a,é,méc,0,3,pseudo,block2
lib,lub,r,,lub,,lub,control,r,,1,u,i,lib,3,3,pseudo,block2
mélcitié,mélvitié,rss,,mél,vi_tié,mélvitié,control,s,0.0,0,v,c,mélcitié,3,8,pseudo,block2
indofitité,indofivité,prss,in,dof,iv_ité,indofivité,target,s,0.0,1,v,t,indofitité,3,10,pseudo,block2
pourplem,pourplem,pr,pour,plem,,pourplem,target,p,0.0,0,p,t,tourplem,0,8,pseudo,block2
indirerité,indirerité,prss,in,dir,el_ité,indirelité,target,s,0.0,1,l,r,indirerité,2,10,pseudo,block2
sédneridre,sédnerisre,pprs,séd_ne,rid,re,sédneridre,control,r,,2,d,s,sédnerisre,1,10,pseudo,block2
lémival,lémisal,rss,,lém,iv_al,lémival,target,s,0.0,1,v,s,lémisal,1,7,pseudo,block2
redéclôt,redécnôt,ppr,re_dé,clôt,,redéclôt,target,r,,1,l,n,redécnôt,1,8,pseudo,block2
nontinnole,nortinnole,rss,,nort,inno_le,nortinnole,control,r,,2,r,n,nontinnole,3,10,pseudo,block2
sédnilubre,sédnilobre,pprs,séd_ni,lub,re,sédnilubre,control,r,,1,u,o,sédnilobre,1,10,pseudo,block2
nirujsan,nirujtan,prs,ni,ruj,tan,nirujtan,control,s,0.0,0,t,s,nirujsan,3,8,pseudo,block2
redétuél,redétuél,ppr,re_dé,tuél,,redétuél,target,r,,1,u,e,redéteél,0,8,pseudo,block2
racamage,racamage,prs,re,cam,age,recamage,target,p,0.0,1,e,a,racamage,2,8,pseudo,block2
raisalisme,jaisalisme,rss,,jais,al_isme,jaisalisme,target,r,,0,j,r,raisalisme,3,10,pseudo,block2
camion,camion,rs,,cam,ion,camion,target,s,0.0,2,n,m,camiom,0,6,pseudo,block2
rusnas,rusnas,pr,rus,nas,,rusnas,control,p,0.0,0,r,n,nusnas,0,6,pseudo,block2
refoir,refour,pr,re,foir,,refoir,target,r,,2,i,u,refour,1,6,pseudo,block2
édriènalbe,édriènarbe,prs,éd,rièn,albe,édriènalbe,control,s,0.0,1,l,r,édriènarbe,1,10,pseudo,block2
tiocmanemt,tiocmanemt,rss,,tioc,ma_nemt,tiocmanemt,control,s,0.0,1,a,i,tiocminemt,0,10,pseudo,block2
nasni,lasni,rs,,las,ni,lasni,control,r,,0,l,n,nasni,3,5,pseudo,block2
camionnel,camionner,rss,,cam,ionn_el,camionnel,target,s,1.0,1,l,r,camionner,1,9,pseudo,block2
roqunat,roqunat,rs,,roqu,nat,roqunat,control,r,,2,q,g,rogunat,0,7,pseudo,block2
dusinlémer,désinlémer,pprs,dés_in,lém,er,désinlémer,target,p,0.0,1,é,u,dusinlémer,3,10,pseudo,block2
miorpruj,miérpruj,ppr,mi_érp,ruj,,miérpruj,control,p,1.0,0,é,o,miorpruj,3,8,pseudo,block2
rebulateon,rebulateon,prss,re,bul,at_ion,rebulation,target,s,1.0,0,i,e,rebulateon,2,10,pseudo,block2
rujdila,rujvila,rss,,ruj,vi_la,rujvila,control,s,0.0,0,v,d,rujdila,3,7,pseudo,block2
toid,soid,r,,toid,,toid,control,r,,0,t,s,soid,1,4,pseudo,block2
sédnemacré,sédnemacré,pprs,séd_ne,mac,re,sédnemacre,control,s,0.0,1,e,é,sédnemacré,2,10,pseudo,block2
macinnole,micinnole,rss,,mac,inno_le,macinnole,control,r,,1,a,i,micinnole,1,9,pseudo,block2
mejurion,rejurion,prs,re,jur,ion,rejurion,target,p,0.0,0,r,m,mejurion,3,8,pseudo,block2
intrével,intrévol,prs,in,trév,el,intrével,target,s,0.0,0,e,o,intrévol,1,8,pseudo,block2
erédsaij,eréfsaij,ppr,er_éd,saij,,erédsaij,control,p,1.0,1,d,f,eréfsaij,1,8,pseudo,block2
toidalce,toidalbe,rs,,toid,albe,toidalbe,control,s,0.0,2,b,c,toidalce,3,8,pseudo,block2
dof,sof,r,,dof,,dof,target,r,,0,d,s,sof,1,3,pseudo,block2
poruloud,porunoud,pr,poru,loud,,poruloud,control,r,,0,l,n,porunoud,1,8,pseudo,block2
reig,ruig,r,,reig,,reig,control,r,,1,e,u,ruig,1,4,pseudo,block2
necrusant,necrusant,prs,re,crus,ant,recrusant,target,p,0.0,0,r,n,necrusant,2,9,pseudo,block2
insanalité,onsanalité,prss,in,san,al_ité,insanalité,target,p,0.0,0,i,o,onsanalité,1,10,pseudo,block2
impnésan,impnésan,ppr,im_pré,san,,imprésan,target,p,1.0,1,r,n,impnésan,2,8,pseudo,block2
nimenticid,nimenticid,ppr,ni_renti,cid,,nirenticid,control,p,1.0,0,r,m,nimenticid,2,10,pseudo,block2
surqlôt,surclôt,pr,sur,clôt,,surclôt,target,r,,0,c,q,surqlôt,3,7,pseudo,block2
urmacoin,ermacoin,prs,er,mac,oin,ermacoin,control,p,0.0,0,e,u,urmacoin,3,8,pseudo,block2
édlub,éslub,pr,éd,lub,,édlub,control,p,0.0,1,d,s,éslub,1,5,pseudo,block2
prédélem,prédélem,ppr,pré_dé,lém,,prédélém,target,r,,1,é,e,prédélem,2,8,pseudo,block2
cameliste,cameliste,rss,,cam,al_iste,camaliste,target,s,0.0,0,a,e,cameliste,2,9,pseudo,block2
incarelité,incarelité,prss,in,cam,el_ité,incamelité,target,r,,2,m,r,incarelité,2,10,pseudo,block2
édciseag,édciseag,prs,éd,cid,eag,édcideag,control,r,,2,d,s,édciseag,2,8,pseudo,block2
délémable,délémable,prs,dé,lém,able,délémable,target,p,0.0,1,é,e,delémable,0,9,pseudo,block2
naroqunemt,naroqunemt,prs,ni,roqu,nemt,niroqunemt,control,p,0.0,1,i,a,naroqunemt,2,10,pseudo,block2
orruj,erruj,pr,er,ruj,,erruj,control,p,0.0,0,e,o,orruj,3,5,pseudo,block2
erédlas,erédnas,ppr,er_éd,las,,erédlas,control,r,,0,l,n,erédnas,1,7,pseudo,block2
nerouneru,nerouneru,prs,ne,roun,eru,nerouneru,control,r,,1,o,a,nerauneru,0,9,pseudo,block2
dourment,dourment,rs,,doul,ment,doulment,target,r,,3,l,r,dourment,2,8,pseudo,block2
mimélnetié,mimélletié,prss,mi,mél,le_tié,mimélletié,control,s,0.0,0,l,n,mimélnetié,3,10,pseudo,block2
ernaujure,ernaejure,prs,er,nauj,ure,ernaujure,control,r,,2,u,e,ernaejure,1,9,pseudo,block2
désindirer,désindérer,pprs,dés_in,dir,er,désindirer,target,r,,1,i,é,désindérer,1,10,pseudo,block2
noir,noir,r,,nour,,nour,target,r,,2,u,i,noir,2,4,pseudo,block2
orrièn,errièn,pr,er,rièn,,errièn,control,p,0.0,0,e,o,orrièn,3,6,pseudo,block2
trecmanemt,tresmanemt,rss,,trec,ma_nemt,trecmanemt,control,r,,3,c,s,tresmanemt,1,10,pseudo,block2
jur,jur,r,,jur,,jur,target,r,,2,r,n,jun,0,3,pseudo,block2
naujlaisem,naumlaisem,rss,,nauj,la_isem,naujlaisem,control,r,,3,j,m,naumlaisem,1,10,pseudo,block2
qid,qid,r,,cid,,cid,control,r,,0,c,q,qid,2,3,pseudo,block2
doulisme,doulisme,rs,,doul,isme,doulisme,target,s,0.0,0,i,à,doulàsme,0,8,pseudo,block2
rusnelus,rusnelus,ppr,rus_ne,lub,,rusnelub,control,r,,2,b,s,rusnelus,2,8,pseudo,block2
imsoul,imsoul,pr,im,doul,,imdoul,target,r,,0,d,s,imsoul,2,6,pseudo,block2
salij,salin,rs,,sal,in,salin,target,s,0.0,1,n,j,salij,3,5,pseudo,block2
ninaulle,ninaujle,prs,ni,nauj,le,ninaujle,control,r,,3,j,l,ninaulle,3,8,pseudo,block2
nifodacne,nifocacne,prs,ni,fod,acne,nifodacne,control,r,,2,d,c,nifocacne,1,9,pseudo,block2
ruj,ruj,r,,ruj,,ruj,control,r,,0,r,n,nuj,0,3,pseudo,block2
resalation,resalataon,prss,re,sal,at_ion,resalation,target,s,1.0,0,i,a,resalataon,1,10,pseudo,block2
ruprièntan,ruprièntan,prs,rus,rièn,tan,rusrièntan,control,p,0.0,2,s,p,ruprièntan,2,10,pseudo,block2
surtertant,surtertant,prs,sur,tert,ant,surtertant,target,s,0.0,2,t,c,surtertanc,0,10,pseudo,block2
lormal,normal,rs,,norm,al,normal,target,r,,0,n,l,lormal,3,6,real,block3
hiérerchie,hiérarchie,r,,hiérarchie,,hiérarchie,control,r,,4,a,e,hiérerchie,3,10,real,block3
prothèse,proshèse,r,,prothèse,,prothèse,control,r,,3,t,s,proshèse,1,8,real,block3
deuxaème,deuxième,rs,,deux,ième,deuxième,target,s,0.0,0,i,a,deuxaème,3,8,real,block3
bataille,bataille,r,,bataille,,bataille,control,r,,2,t,p,bapaille,0,8,real,block3
asthne,asthme,r,,asthme,,asthme,control,r,,4,m,n,asthne,3,6,real,block3
langousse,langousse,r,,langouste,,langouste,control,r,,7,t,s,langousse,2,9,real,block3
srincipe,principe,r,,principe,,principe,control,r,,0,p,s,srincipe,3,8,real,block3
diplomate,diplomate,r,,diplomate,,diplomate,control,r,,7,t,d,diplomade,0,9,real,block3
démontru,démontre,pr,dé,montre,,démontre,target,r,,5,e,u,démontru,3,8,real,block3
aussi,eussi,r,,aussi,,aussi,control,r,,0,a,e,eussi,1,5,real,block3
envol,entol,pr,en,vol,,envol,target,r,,0,v,t,entol,1,5,real,block3
indolole,indolole,prs,in,dol,ore,indolore,target,s,0.0,1,r,l,indolole,2,8,real,block3
personnel,personrel,rs,,personn,el,personnel,target,r,,6,n,r,personrel,1,9,real,block3
pantoifle,pantoifle,r,,pantoufle,,pantoufle,control,r,,5,u,i,pantoifle,2,9,real,block3
infrurouge,infrarouge,pr,infra,rouge,,infrarouge,target,p,0.0,4,a,u,infrurouge,3,10,real,block3
décompose,décomposa,pr,dé,compose,,décompose,target,r,,6,e,a,décomposa,1,9,real,block3
vinaisre,vinaigre,r,,vinaigre,,vinaigre,control,r,,5,g,s,vinaisre,3,8,real,block3
dosespoir,désespoir,pr,dés,espoir,,désespoir,target,p,0.0,1,é,o,dosespoir,3,9,real,block3
coqueluche,coqueluche,r,,coqueluche,,coqueluche,control,r,,4,e,o,coquoluche,0,10,real,block3
grenase,grenade,r,,grenade,,grenade,control,r,,5,d,s,grenase,3,7,real,block3
brouhaha,broehaha,r,,brouhaha,,brouhaha,control,r,,3,u,e,broehaha,1,8,real,block3
juspice,juspice,rs,,just,ice,justice,target,r,,3,t,p,juspice,2,7,real,block3
relire,relire,pr,re,lire,,relire,target,r,,3,e,i,reliri,0,6,real,block3
dénudo,dénudo,prs,dé,nu,dé,dénudé,target,s,0.0,1,é,o,dénudo,2,6,real,block3
liturgie,liturtie,r,,liturgie,,liturgie,control,r,,5,g,t,liturtie,1,8,real,block3
ruliure,reliure,prs,re,li,ure,reliure,target,p,0.0,1,e,u,ruliure,3,7,real,block3
sarabande,sarabande,r,,sarabande,,sarabande,control,r,,7,d,q,sarabanqe,0,9,real,block3
recouterte,recouverte,pr,re,couverte,,recouverte,target,r,,3,v,t,recouterte,3,10,real,block3
préalable,préalahle,r,,préalable,,préalable,control,r,,6,b,h,préalahle,1,9,real,block3
mergarine,margarine,r,,margarine,,margarine,control,r,,1,a,e,mergarine,3,9,real,block3
puartier,puartier,rs,,quart,ier,quartier,target,r,,0,q,p,puartier,2,8,real,block3
privilègi,privilègi,r,,privilège,,privilège,control,r,,8,e,i,privilègi,2,9,real,block3
déplaare,déplaare,pr,dé,plaire,,déplaire,target,r,,3,i,a,déplaare,2,8,real,block3
dégoût,dagoût,pr,dé,goût,,dégoût,target,p,0.0,1,é,a,dagoût,1,6,real,block3
cachumire,cachemire,r,,cachemire,,cachemire,control,r,,4,e,u,cachumire,3,9,real,block3
piscenlit,piscenlit,r,,pissenlit,,pissenlit,control,r,,3,s,c,piscenlit,2,9,real,block3
urgense,urgense,rs,,urg,ence,urgence,target,s,0.0,2,c,s,urgense,2,7,real,block3
carrosse,carlosse,r,,carrosse,,carrosse,control,r,,3,r,l,carlosse,1,8,real,block3
bravo,bravo,r,,bravo,,bravo,control,r,,0,b,x,xravo,0,5,real,block3
pingouin,pingouén,r,,pingouin,,pingouin,control,r,,6,i,é,pingouén,1,8,real,block3
jamais,jamais,r,,jamais,,jamais,control,r,,4,i,à,jamaàs,0,6,real,block3
spaghesti,spaghetti,r,,spaghetti,,spaghetti,control,r,,6,t,s,spaghesti,3,9,real,block3
concombre,concombre,r,,concombre,,concombre,control,r,,8,e,i,concombri,0,9,real,block3
gremier,grenier,r,,grenier,,grenier,control,r,,3,n,m,gremier,3,7,real,block3
accessoire,iccessoire,r,,accessoire,,accessoire,control,r,,0,a,i,iccessoire,1,10,real,block3
joueer,joueur,rs,,jou,eur,joueur,target,s,0.0,1,u,e,joueer,3,6,real,block3
prouesse,srouesse,r,,prouesse,,prouesse,control,r,,0,p,s,srouesse,1,8,real,block3
contrah,contrat,r,,contrat,,contrat,control,r,,6,t,h,contrah,3,7,real,block3
coltex,cortex,r,,cortex,,cortex,control,r,,2,r,l,coltex,3,6,real,block3
puinteur,puanteur,rss,,pu,ant_eur,puanteur,target,s,0.0,0,a,i,puinteur,3,8,real,block3
local,losal,r,,local,,local,control,r,,2,c,s,losal,1,5,real,block3
gourmand,gourmand,r,,gourmand,,gourmand,control,r,,7,d,p,gourmanp,0,8,real,block3
vitalité,vitalité,rss,,vit,al_ité,vitalité,target,s,1.0,0,i,e,vitaleté,0,8,real,block3
endurance,endurance,prs,en,dur,ance,endurance,target,r,,2,r,n,endunance,0,9,real,block3
genial,genial,rs,,géni,al,génial,target,r,,1,é,e,genial,2,6,real,block3
encorrect,incorrect,pr,in,correct,,incorrect,target,p,0.0,0,i,e,encorrect,3,9,real,block3
merserie,mercerie,r,,mercerie,,mercerie,control,r,,3,c,s,merserie,3,8,real,block3
ambassade,amtassade,r,,ambassade,,ambassade,control,r,,2,b,t,amtassade,1,9,real,block3
aissalle,aissalle,r,,aisselle,,aisselle,control,r,,4,e,a,aissalle,2,8,real,block3
sûrement,sûremejt,rs,,sûre,ment,sûrement,target,s,0.0,2,n,j,sûremejt,1,8,real,block3
elsuite,ensuite,pr,en,suite,,ensuite,target,p,0.0,1,n,l,elsuite,3,7,real,block3
incroyacle,incroyable,prs,in,croy,able,incroyable,target,s,0.0,1,b,c,incroyacle,3,10,real,block3
malignité,maliglité,rss,,mal,ign_ité,malignité,target,s,0.0,2,n,l,maliglité,1,9,real,block3
blague,bladue,r,,blague,,blague,control,r,,3,g,d,bladue,1,6,real,block3
ondulant,ondulant,rss,,ond,ul_ant,ondulant,target,r,,1,n,r,ordulant,0,8,real,block3
également,également,rs,,égale,ment,également,target,r,,2,a,e,égelement,0,9,real,block3
cmandestin,clandestin,r,,clandestin,,clandestin,control,r,,1,l,m,cmandestin,3,10,real,block3
salamandre,salanandre,r,,salamandre,,salamandre,control,r,,4,m,n,salanandre,1,10,real,block3
mousteche,moustache,r,,moustache,,moustache,control,r,,5,a,e,mousteche,3,9,real,block3
garagiste,garagiste,rss,,gar,ag_iste,garagiste,target,r,,2,r,n,ganagiste,0,9,real,block3
français,qrançais,rs,,franç,ais,français,target,r,,0,f,q,qrançais,1,8,real,block3
phase,phasi,r,,phase,,phase,control,r,,4,e,i,phasi,1,5,real,block3
guérillero,guérillero,r,,guérillero,,guérillero,control,r,,3,r,l,guélillero,0,10,real,block3
artistique,artistique,rss,,art,ist_ique,artistique,target,s,0.0,1,s,x,artixtique,0,10,real,block3
sexuamité,sexualité,rss,,sex,ual_ité,sexualité,target,s,0.0,2,l,m,sexuamité,3,9,real,block3
hurricane,hurrifane,r,,hurricane,,hurricane,control,r,,5,c,f,hurrifane,1,9,real,block3
réattion,réattion,prs,ré,act,ion,réaction,target,r,,1,c,t,réattion,2,8,real,block3
électrique,électrique,rs,,électr,ique,électrique,target,r,,5,r,n,électnique,0,10,real,block3
guenille,guenille,r,,guenille,,guenille,control,r,,3,n,m,guemille,0,8,real,block3
poursuit,poursuit,pr,pour,suit,,poursuit,target,p,0.0,1,o,e,peursuit,0,8,real,block3
cellophane,cellophame,r,,cellophane,,cellophane,control,r,,8,n,m,cellophame,1,10,real,block3
chambranne,chambranne,r,,chambranle,,chambranle,control,r,,8,l,n,chambranne,2,10,real,block3
angentin,argentin,r,,argentin,,argentin,control,r,,1,r,n,angentin,3,8,real,block3
frambaise,frambaise,r,,framboise,,framboise,control,r,,5,o,a,frambaise,2,9,real,block3
dévotion,dévotiom,prs,dé,vot,ion,dévotion,target,s,0.0,2,n,m,dévotiom,1,8,real,block3
clavucule,clavicule,r,,clavicule,,clavicule,control,r,,4,i,u,clavucule,3,9,real,block3
inoffensif,iloffensif,prs,in,offens,if,inoffensif,target,p,0.0,1,n,l,iloffensif,1,10,real,block3
sonorité,conorité,rss,,son,or_ité,sonorité,target,r,,0,s,c,conorité,1,8,real,block3
cathidrale,cathidrale,r,,cathédrale,,cathédrale,control,r,,4,é,i,cathidrale,2,10,real,block3
exactement,exactement,rs,,exacte,ment,exactement,target,r,,2,a,e,exectement,0,10,real,block3
cornichon,cornichon,r,,cornichon,,cornichon,control,r,,4,i,o,cornochon,0,9,real,block3
nenégat,nenégat,prs,re,nég,at,renégat,target,p,0.0,0,r,n,nenégat,2,7,real,block3
preuse,preuse,r,,preuve,,preuve,control,r,,4,v,s,preuse,2,6,real,block3
ircurable,ircurable,prs,in,cur,able,incurable,target,p,0.0,1,n,r,ircurable,2,9,real,block3
lecouvert,lecouvert,pr,re,couvert,,recouvert,target,p,0.0,0,r,l,lecouvert,2,9,real,block3
peêle,poêle,r,,poêle,,poêle,control,r,,1,o,e,peêle,3,5,real,block3
dangereuse,dangerease,rs,,danger,euse,dangereuse,target,s,0.0,1,u,a,dangerease,1,10,real,block3
agolité,agolité,rss,,ag,il_ité,agilité,target,s,0.0,0,i,o,agolité,2,7,real,block3
rhinocéros,mhinocéros,r,,rhinocéros,,rhinocéros,control,r,,0,r,m,mhinocéros,1,10,real,block3
incessant,incessant,prs,in,cess,ant,incessant,target,s,0.0,1,n,l,incessalt,0,9,real,block3
heure,heure,r,,heure,,heure,control,r,,0,h,t,teure,0,5,real,block3
irréel,irréel,pr,ir,réel,,irréel,target,r,,3,l,r,irréer,0,6,real,block3
impoli,inpoli,pr,im,poli,,impoli,target,p,0.0,1,m,n,inpoli,1,6,real,block3
conseil,conceil,r,,conseil,,conseil,control,r,,3,s,c,conceil,1,7,real,block3
lieutenalt,lieutenant,r,,lieutenant,,lieutenant,control,r,,8,n,l,lieutenalt,3,10,real,block3
cappuccino,cappuccine,r,,cappuccino,,cappuccino,control,r,,9,o,e,cappuccine,1,10,real,block3
hâtuf,hâtuf,rs,,hât,if,hâtif,target,s,0.0,0,i,u,hâtuf,2,5,real,block3
coyote,coyite,r,,coyote,,coyote,control,r,,3,o,i,coyite,1,6,real,block3
irruption,arruption,prs,ir,rupt,ion,irruption,target,p,0.0,0,i,a,arruption,1,9,real,block3
emmerdear,emmerdear,prs,em,merd,eur,emmerdeur,target,s,0.0,1,u,a,emmerdear,2,9,real,block3
rambarde,rambarde,r,,rambarde,,rambarde,control,r,,2,m,n,ranbarde,0,8,real,block3
idéarisme,idéarisme,rss,,idé,al_isme,idéalisme,target,s,0.0,1,l,r,idéarisme,2,9,real,block3
impurité,impureté,prs,im,pur,ité,impurité,target,s,0.0,0,i,e,impureté,1,8,real,block3
siège,siage,r,,siège,,siège,control,r,,2,è,a,siage,1,5,real,block3
douaille,douaille,r,,gouaille,,gouaille,control,r,,0,g,d,douaille,2,8,real,block3
cougcous,cougcous,r,,couscous,,couscous,control,r,,3,s,g,cougcous,2,8,real,block3
poliscon,polisson,r,,polisson,,polisson,control,r,,5,s,c,poliscon,3,8,real,block3
pizzemia,pizzemia,r,,pizzeria,,pizzeria,control,r,,5,r,m,pizzemia,2,8,real,block3
espérante,espéranto,r,,espéranto,,espéranto,control,r,,8,o,e,espérante,3,9,real,block3
surjur,surjer,pr,sur,jur,,surjur,target,r,,1,u,e,surjer,1,6,pseudo,block4
mecnemt,macnemt,rs,,mac,nemt,macnemt,control,r,,1,a,e,mecnemt,3,7,pseudo,block4
nilaslatié,nilaslatié,prss,ni,las,la_tié,nilaslatié,control,p,0.0,0,n,l,lilaslatié,0,10,pseudo,block4
niridlatié,riridlatié,prss,ni,rid,la_tié,niridlatié,control,p,0.0,0,n,r,riridlatié,1,10,pseudo,block4
monjais,monjais,pr,non,jais,,nonjais,target,p,0.0,0,n,m,monjais,2,7,pseudo,block4
reiglaeist,reigraeist,rss,,reig,la_eist,reiglaeist,control,s,0.0,0,l,r,reigraeist,1,10,pseudo,block4
indofelité,indofelité,prss,in,dof,el_ité,indofelité,target,p,0.0,1,n,r,irdofelité,0,10,pseudo,block4
niliflatié,nilaflatié,prss,ni,lif,la_tié,niliflatié,control,r,,1,i,a,nilaflatié,1,10,pseudo,block4
jurionnel,jerionnel,rss,,jur,ionn_el,jurionnel,target,r,,1,u,e,jerionnel,1,9,pseudo,block4
jaunable,jaunablu,rs,,jaun,able,jaunable,target,s,0.0,3,e,u,jaunablu,1,8,pseudo,block4
erédlaseog,erédlaseag,pprs,er_éd,las,eag,erédlaseag,control,s,0.0,1,a,o,erédlaseog,3,10,pseudo,block4
errans,erlans,pr,er,lans,,erlans,control,r,,0,l,r,errans,3,6,pseudo,block4
surcvatié,surcvitié,rss,,surc,vi_tié,surcvitié,control,s,0.0,1,i,a,surcvatié,3,9,pseudo,block4
miérproun,miérproèn,ppr,mi_érp,roun,,miérproun,control,r,,2,u,è,miérproèn,1,9,pseudo,block4
errujtaoin,errujtaoin,prss,er,ruj,ta_oin,errujtaoin,control,p,0.0,0,e,i,irrujtaoin,0,10,pseudo,block4
trecinnole,trecinnole,rss,,trec,inno_le,trecinnole,control,r,,1,r,l,tlecinnole,0,10,pseudo,block4
tioc,dioc,r,,tioc,,tioc,control,r,,0,t,d,dioc,1,4,pseudo,block4
maltrév,maltrév,pr,mal,trév,,maltrév,target,p,0.0,0,m,r,raltrév,0,7,pseudo,block4
erridtan,erridtan,prs,er,rid,tan,erridtan,control,r,,2,d,h,errihtan,0,8,pseudo,block4
redétul,redétul,ppr,re_dé,bul,,redébul,target,r,,0,b,t,redétul,2,7,pseudo,block4
ters,tert,r,,tert,,tert,target,r,,3,t,s,ters,3,4,pseudo,block4
désinjurel,désinjurer,pprs,dés_in,jur,er,désinjurer,target,s,0.0,1,r,l,désinjurel,3,10,pseudo,block4
miérpnac,miérpnac,ppr,mi_érp,nas,,miérpnas,control,r,,2,s,c,miérpnac,2,8,pseudo,block4
lémivité,lémifité,rss,,lém,iv_ité,lémivité,target,s,0.0,1,v,f,lémifité,1,8,pseudo,block4
yièrival,nièrival,rss,,nièr,iv_al,nièrival,target,r,,0,n,y,yièrival,3,8,pseudo,block4
sydlub,sytlub,pr,syd,lub,,sydlub,control,p,0.0,2,d,t,sytlub,1,6,pseudo,block4
recorteur,recorteur,prs,re,cort,eur,recorteur,target,p,0.0,0,r,m,mecorteur,0,9,pseudo,block4
répédrid,résédrid,ppr,rép_éd,rid,,répédrid,control,p,0.0,2,p,s,résédrid,1,8,pseudo,block4
pourqêor,pourquor,pr,pour,quor,,pourquor,target,r,,1,u,ê,pourqêor,3,8,pseudo,block4
ildicalité,indicalité,prss,in,dic,al_ité,indicalité,target,p,0.0,1,n,l,ildicalité,3,10,pseudo,block4
inxilelité,infilelité,prss,in,fil,el_ité,infilelité,target,r,,0,f,x,inxilelité,3,10,pseudo,block4
surquor,surquor,pr,sur,quor,,surquor,target,p,0.0,0,s,t,turquor,0,7,pseudo,block4
mélni,mélni,rs,,mél,ni,mélni,control,r,,2,l,m,mémni,0,5,pseudo,block4
erédlabeag,erédlabeag,pprs,er_éd,lub,eag,erédlubeag,control,r,,1,u,a,erédlabeag,2,10,pseudo,block4
incoitment,incoitmert,prs,in,coit,ment,incoitment,target,s,0.0,2,n,r,incoitmert,1,10,pseudo,block4
trac,trec,r,,trec,,trec,control,r,,2,e,a,trac,3,4,pseudo,block4
quorionner,quorionnel,rss,,quor,ionn_el,quorionnel,target,s,1.0,1,l,r,quorionner,3,10,pseudo,block4
diotaliste,diotalibte,rss,,diot,al_iste,diotaliste,target,s,1.0,1,s,b,diotalibte,1,10,pseudo,block4
erlabtaoin,erlastaoin,prss,er,las,ta_oin,erlastaoin,control,r,,2,s,b,erlabtaoin,3,10,pseudo,block4
miridletié,miridletié,prss,mi,rid,le_tié,miridletié,control,p,0.0,0,m,n,niridletié,0,10,pseudo,block4
désindicer,désindicer,pprs,dés_in,dic,er,désindicer,target,r,,1,i,e,désindecer,0,10,pseudo,block4
prérejaun,prérejaun,ppr,pré_re,jaun,,prérejaun,target,p,0.0,2,é,o,prorejaun,0,9,pseudo,block4
recort,recorv,pr,re,cort,,recort,target,r,,3,t,v,recorv,1,6,pseudo,block4
pelmfe,pelmfi,rs,,pelm,fi,pelmfi,control,s,0.0,1,i,e,pelmfe,3,6,pseudo,block4
saijvila,saejvila,rss,,saij,vi_la,saijvila,control,r,,2,i,e,saejvila,1,8,pseudo,block4
poruruj,poruréj,pr,poru,ruj,,poruruj,control,r,,1,u,é,poruréj,1,7,pseudo,block4
sédnicidre,sédnicidre,pprs,séd_ni,cid,re,sédnicidre,control,s,0.0,1,e,é,sédnicidré,0,10,pseudo,block4
roifisem,roihisem,rs,,roif,isem,roifisem,control,r,,3,f,h,roihisem,1,8,pseudo,block4
erfodtaoin,urfodtaoin,prss,er,fod,ta_oin,erfodtaoin,control,p,0.0,0,e,u,urfodtaoin,1,10,pseudo,block4
rujure,rujure,rs,,ruj,ure,rujure,control,s,0.0,0,u,é,rujére,0,6,pseudo,block4
redésalage,redésalage,pprs,re_dé,sal,age,redésalage,target,r,,2,l,r,redésarage,0,10,pseudo,block4
doum,doum,r,,doul,,doul,target,r,,3,l,m,doum,2,4,pseudo,block4
sal,sal,r,,sal,,sal,target,r,,1,a,e,sel,0,3,pseudo,block4
désenbuler,détenbuler,pprs,dés_en,bul,er,désenbuler,target,p,0.0,2,s,t,détenbuler,1,10,pseudo,block4
inclôtiun,inclôtiun,prs,in,clôt,ion,inclôtion,target,s,0.0,1,o,u,inclôtiun,2,9,pseudo,block4
redéjurage,redéjuroge,pprs,re_dé,jur,age,redéjurage,target,s,0.0,0,a,o,redéjuroge,1,10,pseudo,block4
erédlifeag,erédlifead,pprs,er_éd,lif,eag,erédlifeag,control,s,0.0,2,g,d,erédlifead,1,10,pseudo,block4
injuralité,injuralité,prss,in,jur,al_ité,injuralité,target,r,,1,u,e,injeralité,0,10,pseudo,block4
loudoin,noudoin,rs,,loud,oin,loudoin,control,r,,0,l,n,noudoin,1,7,pseudo,block4
tédnimélre,sédnimélre,pprs,séd_ni,mél,re,sédnimélre,control,p,0.0,0,s,t,tédnimélre,3,10,pseudo,block4
erédfodeag,erédfodeag,pprs,er_éd,fod,eag,erédfodeag,control,s,0.0,0,e,u,erédfoduag,0,10,pseudo,block4
coid,coid,r,,coit,,coit,target,r,,3,t,d,coid,2,4,pseudo,block4
désenfiler,désenfiler,pprs,dés_en,fil,er,désenfiler,target,r,,2,l,r,désenfirer,0,10,pseudo,block4
tuélion,tuéliol,rs,,tuél,ion,tuélion,target,s,0.0,2,n,l,tuéliol,1,7,pseudo,block4
disenlémer,disenlémer,pprs,dés_en,lém,er,désenlémer,target,p,0.0,1,é,i,disenlémer,2,10,pseudo,block4
dacrus,dacrus,pr,dé,crus,,décrus,target,p,0.0,1,é,a,dacrus,2,6,pseudo,block4
indicelité,indicelité,prss,in,dic,el_ité,indicelité,target,p,0.0,0,i,a,andicelité,0,10,pseudo,block4
mifodletié,mitodletié,prss,mi,fod,le_tié,mifodletié,control,r,,0,f,t,mitodletié,1,10,pseudo,block4
redésanage,nedésanage,pprs,re_dé,san,age,redésanage,target,p,0.0,0,r,n,nedésanage,1,10,pseudo,block4
désinbulel,désinbulel,pprs,dés_in,bul,er,désinbuler,target,s,0.0,1,r,l,désinbulel,2,10,pseudo,block4
pelm,selm,r,,pelm,,pelm,control,r,,0,p,s,selm,1,4,pseudo,block4
sédnilasre,sédnilasre,pprs,séd_ni,las,re,sédnilasre,control,s,0.0,1,e,o,sédnilasro,0,10,pseudo,block4
léjamment,léjamment,rss,,lém,am_ment,lémamment,target,r,,2,m,j,léjamment,2,9,pseudo,block4
relémation,relimation,prss,re,lém,at_ion,relémation,target,r,,1,é,i,relimation,1,10,pseudo,block4
maérpfod,miérpfod,ppr,mi_érp,fod,,miérpfod,control,p,0.0,1,i,a,maérpfod,3,8,pseudo,block4
loquinnole,loquinnole,rss,,roqu,inno_le,roquinnole,control,r,,0,r,l,loquinnole,2,10,pseudo,block4
foir,fôir,r,,foir,,foir,target,r,,1,o,ô,fôir,1,4,pseudo,block4
imlémivité,inlémivité,prss,in,lém,iv_ité,inlémivité,target,p,0.0,1,n,m,imlémivité,3,10,pseudo,block4
roiflaeist,roeflaeist,rss,,roif,la_eist,roiflaeist,control,r,,2,i,e,roeflaeist,1,10,pseudo,block4
tôlchié,tôlchié,rs,,tôlc,tié,tôlctié,control,s,0.0,0,t,h,tôlchié,2,7,pseudo,block4
rentitroc,rencitroc,pr,renti,troc,,rentitroc,control,p,0.0,3,t,c,rencitroc,1,9,pseudo,block4
rémionnel,rémionnel,rss,,lém,ionn_el,lémionnel,target,r,,0,l,r,rémionnel,2,9,pseudo,block4
rujoan,rujoin,rs,,ruj,oin,rujoin,control,s,0.0,1,i,a,rujoan,3,6,pseudo,block4
redédofage,redédifage,pprs,re_dé,dof,age,redédofage,target,r,,1,o,i,redédifage,1,10,pseudo,block4
erédmaceag,erédmaceag,pprs,er_éd,mac,eag,erédmaceag,control,r,,0,m,r,erédraceag,0,10,pseudo,block4
lépédrièn,lépédrièn,ppr,rép_éd,rièn,,répédrièn,control,p,0.0,0,r,l,lépédrièn,2,9,pseudo,block4
camin,camin,rs,,cam,in,camin,target,s,0.0,0,i,u,camun,0,5,pseudo,block4
sédniridre,sédnilidre,pprs,séd_ni,rid,re,sédniridre,control,r,,0,r,l,sédnilidre,1,10,pseudo,block4
rustnec,rustrec,pr,rus,trec,,rustrec,control,r,,1,r,n,rustnec,3,7,pseudo,block4
jaun,jaum,r,,jaun,,jaun,target,r,,3,n,m,jaum,1,4,pseudo,block4
èncamment,èncamment,prs,in,cam,ment,incamment,target,p,0.0,0,i,è,èncamment,2,9,pseudo,block4
salamment,salamment,rss,,sal,am_ment,salamment,target,r,,1,a,e,selamment,0,9,pseudo,block4
ridédic,ridédic,ppr,re_dé,dic,,redédic,target,p,0.0,1,e,i,ridédic,2,7,pseudo,block4
las,las,r,,las,,las,control,r,,2,s,c,lac,0,3,pseudo,block4
surtron,surcron,pr,sur,tron,,surtron,target,r,,0,t,c,surcron,1,7,pseudo,block4
lif,mif,r,,lif,,lif,control,r,,0,l,m,mif,1,3,pseudo,block4
undirent,undirent,prs,in,dir,ent,indirent,target,p,0.0,0,i,u,undirent,2,8,pseudo,block4
lans,lans,r,,lans,,lans,control,r,,1,a,i,lins,0,4,pseudo,block4
imprécam,umprécam,ppr,im_pré,cam,,imprécam,target,p,0.0,0,i,u,umprécam,1,8,pseudo,block4
recamation,recamation,prss,re,cam,at_ion,recamation,target,p,0.0,1,e,u,rucamation,0,10,pseudo,block4
érpertôlc,érpertôlc,ppr,érp_er,tôlc,,érpertôlc,control,r,,1,ô,e,érpertelc,0,9,pseudo,block4
quoraval,quorival,rss,,quor,iv_al,quorival,target,s,0.0,0,i,a,quoraval,3,8,pseudo,block4
roxuvitié,roquvitié,rss,,roqu,vi_tié,roquvitié,control,r,,2,q,x,roxuvitié,3,9,pseudo,block4
cortité,cartité,rs,,cort,ité,cortité,target,r,,1,o,a,cartité,1,7,pseudo,block4
rodof,rodof,pr,re,dof,,redof,target,p,0.0,1,e,o,rodof,2,5,pseudo,block4
tmon,tmon,r,,tron,,tron,target,r,,1,r,m,tmon,2,4,pseudo,block4
mirif,mirid,pr,mi,rid,,mirid,control,r,,2,d,f,mirif,3,5,pseudo,block4
indietance,indiotance,prs,in,diot,ance,indiotance,target,r,,2,o,e,indietance,3,10,pseudo,block4
minasvitié,minatvitié,prss,mi,nas,vi_tié,minasvitié,control,r,,2,s,t,minatvitié,1,10,pseudo,block4
rusnetrot,rusnetroc,ppr,rus_ne,troc,,rusnetroc,control,r,,3,c,t,rusnetrot,3,9,pseudo,block4
gierivité,gierevité,rss,,gier,iv_ité,gierivité,target,s,0.0,0,i,e,gierevité,1,9,pseudo,block4
jaisif,jaisif,rs,,jais,if,jaisif,target,s,0.0,1,f,s,jaisis,0,6,pseudo,block4
interdier,interdier,pr,inter,gier,,intergier,target,r,,0,g,d,interdier,2,9,pseudo,block4
foinent,foinent,rs,,foir,ent,foirent,target,r,,3,r,n,foinent,2,7,pseudo,block4
crédédof,prédédof,ppr,pré_dé,dof,,prédédof,target,p,0.0,0,p,c,crédédof,3,8,pseudo,block4
débulage,débulage,prs,dé,bul,age,débulage,target,r,,1,u,e,débelage,0,8,pseudo,block4
redébulase,redébulage,pprs,re_dé,bul,age,redébulage,target,s,0.0,1,g,s,redébulase,3,10,pseudo,block4
naum,naum,r,,nauj,,nauj,control,r,,3,j,m,naum,2,4,pseudo,block4
inintersan,inentersan,ppr,in_inter,san,,inintersan,target,p,1.0,0,i,e,inentersan,1,10,pseudo,block4
mifodvitié,lifodvitié,prss,mi,fod,vi_tié,mifodvitié,control,p,0.0,0,m,l,lifodvitié,1,10,pseudo,block4
